{
  "baselines": [
    {
      "model": "Majority",
      "accuracy": 0.6572934973637962,
      "f1_macro": 0.39660657476139977,
      "f1_micro": 0.6572934973637962,
      "precision_macro": 0.3286467486818981,
      "recall_macro": 0.5,
      "confusion_matrix": [
        [
          2244,
          0
        ],
        [
          1170,
          0
        ]
      ],
      "f1_OTHER": 0.7932131495227995,
      "precision_OTHER": 0.6572934973637962,
      "recall_OTHER": 1.0,
      "support_OTHER": 2244,
      "f1_OFFENSE": 0.0,
      "precision_OFFENSE": 0.0,
      "recall_OFFENSE": 0.0,
      "support_OFFENSE": 1170
    },
    {
      "model": "Lexikon",
      "accuracy": 0.6939074399531342,
      "f1_macro": 0.5366277993707199,
      "f1_micro": 0.6939074399531342,
      "precision_macro": 0.7174366422732437,
      "recall_macro": 0.566713515242927,
      "confusion_matrix": [
        [
          2179,
          65
        ],
        [
          980,
          190
        ]
      ],
      "f1_OTHER": 0.8065889320747732,
      "precision_OTHER": 0.6897752453308009,
      "recall_OTHER": 0.9710338680926917,
      "support_OTHER": 2244,
      "f1_OFFENSE": 0.26666666666666666,
      "precision_OFFENSE": 0.7450980392156863,
      "recall_OFFENSE": 0.1623931623931624,
      "support_OFFENSE": 1170
    },
    {
      "model": "RandomForest+TF-IDF",
      "accuracy": 0.6716461628588166,
      "f1_macro": 0.4487167169272366,
      "f1_micro": 0.6716461628588166,
      "precision_macro": 0.7518399462059182,
      "recall_macro": 0.5233945792769322,
      "confusion_matrix": [
        [
          2232,
          12
        ],
        [
          1109,
          61
        ]
      ],
      "f1_OTHER": 0.7992837958818263,
      "precision_OTHER": 0.6680634540556719,
      "recall_OTHER": 0.9946524064171123,
      "support_OTHER": 2244,
      "f1_OFFENSE": 0.09814963797264682,
      "precision_OFFENSE": 0.8356164383561644,
      "recall_OFFENSE": 0.05213675213675214,
      "support_OFFENSE": 1170
    }
  ]
}