model,f1_macro,precision_macro,recall_macro,accuracy
Majority,0.39660657476139977,0.3286467486818981,0.5,0.6572934973637962
Lexikon,0.5366277993707199,0.7174366422732437,0.566713515242927,0.6939074399531342
RandomForest+TF-IDF,0.4487167169272366,0.7518399462059182,0.5233945792769322,0.6716461628588166
