{
  "model": "GBERT",
  "accuracy_mean": 0.8209615344608793,
  "accuracy_std": 0.008989453889551075,
  "accuracy_values": [
    0.8165137614678899,
    0.8389398572884812,
    0.8165137614678899,
    0.8165137614678899,
    0.8163265306122449
  ],
  "f1_macro_mean": 0.7923166329138016,
  "f1_macro_std": 0.012029394671223083,
  "f1_macro_values": [
    0.7909583384632869,
    0.8156015037593984,
    0.7814365921040906,
    0.7870313193492986,
    0.786555410892934
  ],
  "f1_micro_mean": 0.8209615344608793,
  "f1_micro_std": 0.008989453889551075,
  "f1_micro_values": [
    0.8165137614678899,
    0.8389398572884812,
    0.8165137614678899,
    0.8165137614678899,
    0.8163265306122449
  ],
  "precision_macro_mean": 0.8043468184137323,
  "precision_macro_std": 0.009829803170622379,
  "precision_macro_values": [
    0.7950328742141384,
    0.8225943597916505,
    0.8063160140830044,
    0.7991071428571428,
    0.7986837011227255
  ],
  "recall_macro_mean": 0.7844921943132492,
  "recall_macro_std": 0.01414257263179933,
  "recall_macro_values": [
    0.7874617737003058,
    0.809978803271953,
    0.7680965898479812,
    0.7787182982855863,
    0.7782055064604203
  ],
  "f1_OTHER_mean": 0.8693575681775858,
  "f1_OTHER_std": 0.006126894553530691,
  "f1_OTHER_values": [
    0.8640483383685801,
    0.881203007518797,
    0.868995633187773,
    0.8662704309063893,
    0.8662704309063893
  ],
  "precision_OTHER_mean": 0.845974225159859,
  "precision_OTHER_std": 0.012739168145783753,
  "precision_OTHER_values": [
    0.8537313432835821,
    0.8655834564254062,
    0.8280166435506241,
    0.8412698412698413,
    0.8412698412698413
  ],
  "recall_OTHER_mean": 0.8943722457160787,
  "recall_OTHER_std": 0.012642164286273292,
  "recall_OTHER_values": [
    0.8746177370030581,
    0.8973966309341501,
    0.9142419601837672,
    0.892802450229709,
    0.892802450229709
  ],
  "f1_OFFENSE_mean": 0.7152756976500176,
  "f1_OFFENSE_std": 0.0189606785770869,
  "f1_OFFENSE_values": [
    0.7178683385579937,
    0.75,
    0.6938775510204082,
    0.7077922077922078,
    0.7068403908794788
  ],
  "precision_OFFENSE_mean": 0.7627194116676055,
  "precision_OFFENSE_std": 0.017538148899537264,
  "precision_OFFENSE_values": [
    0.7363344051446945,
    0.7796052631578947,
    0.7846153846153846,
    0.7569444444444444,
    0.7560975609756098
  ],
  "recall_OFFENSE_mean": 0.6746121429104199,
  "recall_OFFENSE_std": 0.03450526670667663,
  "recall_OFFENSE_values": [
    0.7003058103975535,
    0.7225609756097561,
    0.6219512195121951,
    0.6646341463414634,
    0.6636085626911316
  ],
  "total_train_time_sec": 433.64055347442627,
  "fold_results": [
    {
      "model": "GBERT_fold0",
      "accuracy": 0.8165137614678899,
      "f1_macro": 0.7909583384632869,
      "f1_micro": 0.8165137614678899,
      "precision_macro": 0.7950328742141384,
      "recall_macro": 0.7874617737003058,
      "confusion_matrix": [
        [
          572,
          82
        ],
        [
          98,
          229
        ]
      ],
      "f1_OTHER": 0.8640483383685801,
      "precision_OTHER": 0.8537313432835821,
      "recall_OTHER": 0.8746177370030581,
      "support_OTHER": 654,
      "f1_OFFENSE": 0.7178683385579937,
      "precision_OFFENSE": 0.7363344051446945,
      "recall_OFFENSE": 0.7003058103975535,
      "support_OFFENSE": 327,
      "train_time_sec": 87.0546383857727,
      "fold": 0
    },
    {
      "model": "GBERT_fold1",
      "accuracy": 0.8389398572884812,
      "f1_macro": 0.8156015037593984,
      "f1_micro": 0.8389398572884812,
      "precision_macro": 0.8225943597916505,
      "recall_macro": 0.809978803271953,
      "confusion_matrix": [
        [
          586,
          67
        ],
        [
          91,
          237
        ]
      ],
      "f1_OTHER": 0.881203007518797,
      "precision_OTHER": 0.8655834564254062,
      "recall_OTHER": 0.8973966309341501,
      "support_OTHER": 653,
      "f1_OFFENSE": 0.75,
      "precision_OFFENSE": 0.7796052631578947,
      "recall_OFFENSE": 0.7225609756097561,
      "support_OFFENSE": 328,
      "train_time_sec": 86.71730279922485,
      "fold": 1
    },
    {
      "model": "GBERT_fold2",
      "accuracy": 0.8165137614678899,
      "f1_macro": 0.7814365921040906,
      "f1_micro": 0.8165137614678899,
      "precision_macro": 0.8063160140830044,
      "recall_macro": 0.7680965898479812,
      "confusion_matrix": [
        [
          597,
          56
        ],
        [
          124,
          204
        ]
      ],
      "f1_OTHER": 0.868995633187773,
      "precision_OTHER": 0.8280166435506241,
      "recall_OTHER": 0.9142419601837672,
      "support_OTHER": 653,
      "f1_OFFENSE": 0.6938775510204082,
      "precision_OFFENSE": 0.7846153846153846,
      "recall_OFFENSE": 0.6219512195121951,
      "support_OFFENSE": 328,
      "train_time_sec": 85.84208583831787,
      "fold": 2
    },
    {
      "model": "GBERT_fold3",
      "accuracy": 0.8165137614678899,
      "f1_macro": 0.7870313193492986,
      "f1_micro": 0.8165137614678899,
      "precision_macro": 0.7991071428571428,
      "recall_macro": 0.7787182982855863,
      "confusion_matrix": [
        [
          583,
          70
        ],
        [
          110,
          218
        ]
      ],
      "f1_OTHER": 0.8662704309063893,
      "precision_OTHER": 0.8412698412698413,
      "recall_OTHER": 0.892802450229709,
      "support_OTHER": 653,
      "f1_OFFENSE": 0.7077922077922078,
      "precision_OFFENSE": 0.7569444444444444,
      "recall_OFFENSE": 0.6646341463414634,
      "support_OFFENSE": 328,
      "train_time_sec": 86.89234519004822,
      "fold": 3
    },
    {
      "model": "GBERT_fold4",
      "accuracy": 0.8163265306122449,
      "f1_macro": 0.786555410892934,
      "f1_micro": 0.8163265306122449,
      "precision_macro": 0.7986837011227255,
      "recall_macro": 0.7782055064604203,
      "confusion_matrix": [
        [
          583,
          70
        ],
        [
          110,
          217
        ]
      ],
      "f1_OTHER": 0.8662704309063893,
      "precision_OTHER": 0.8412698412698413,
      "recall_OTHER": 0.892802450229709,
      "support_OTHER": 653,
      "f1_OFFENSE": 0.7068403908794788,
      "precision_OFFENSE": 0.7560975609756098,
      "recall_OFFENSE": 0.6636085626911316,
      "support_OFFENSE": 327,
      "train_time_sec": 87.13418126106262,
      "fold": 4
    }
  ]
}