{
  "model": "GBERT",
  "accuracy_mean": 0.83314,
  "accuracy_std": 0.01935595515597202,
  "accuracy_values": [
    0.8196,
    0.8175,
    0.8369,
    0.8267,
    0.865
  ],
  "f1_macro_mean": 0.808,
  "f1_macro_std": 0.020016118504845026,
  "f1_macro_values": [
    0.7959,
    0.7961,
    0.8136,
    0.7936,
    0.8408
  ],
  "precision_macro_mean": 0.8152799999999999,
  "precision_macro_std": 0.020377242207914203,
  "precision_macro_values": [
    0.7976,
    0.7946,
    0.8198,
    0.8194,
    0.845
  ],
  "recall_macro_mean": 0.8029800000000001,
  "recall_macro_std": 0.020671163489266876,
  "recall_macro_values": [
    0.7943,
    0.7977,
    0.8084,
    0.7795,
    0.835
  ],
  "f1_OTHER_mean": 0.8719199999999999,
  "f1_OTHER_std": 0.011153116156482925,
  "f1_OTHER_values": [
    0.8654,
    0.8622,
    0.875,
    0.867,
    0.89
  ],
  "f1_OFFENSE_mean": 0.7439399999999999,
  "f1_OFFENSE_std": 0.029321459718097232,
  "f1_OFFENSE_values": [
    0.7264,
    0.73,
    0.7522,
    0.7195,
    0.7916
  ],
  "f1_micro_mean": 0.83314,
  "f1_micro_std": 0.01935595515597202,
  "f1_micro_values": [
    0.8196,
    0.8175,
    0.8369,
    0.8267,
    0.865
  ]
}