{
  "model": "HateBERT",
  "accuracy_mean": 0.7122723584846784,
  "accuracy_std": 0.010239275723438192,
  "accuracy_values": [
    0.7064220183486238,
    0.7155963302752294,
    0.72579001019368,
    0.7176350662589195,
    0.6959183673469388
  ],
  "f1_macro_mean": 0.6723507881955945,
  "f1_macro_std": 0.005797316296833263,
  "f1_macro_values": [
    0.6793593724464781,
    0.673568233075757,
    0.6663708255106104,
    0.6775190026642299,
    0.6649365072808961
  ],
  "f1_micro_mean": 0.7122723584846784,
  "f1_micro_std": 0.010239275723438192,
  "f1_micro_values": [
    0.7064220183486238,
    0.7155963302752294,
    0.72579001019368,
    0.7176350662589195,
    0.6959183673469388
  ],
  "precision_macro_mean": 0.6777290265710629,
  "precision_macro_std": 0.009242051666173005,
  "precision_macro_values": [
    0.675932568149211,
    0.6781976744186047,
    0.691095535079904,
    0.680996819996327,
    0.6624225352112676
  ],
  "recall_macro_mean": 0.6715835642645593,
  "recall_macro_std": 0.008948572560075908,
  "recall_macro_values": [
    0.6857798165137614,
    0.670290497889665,
    0.6582214357748478,
    0.6748566652971277,
    0.6687694058473945
  ],
  "f1_OTHER_mean": 0.7856919240999923,
  "f1_OTHER_std": 0.014470868727973337,
  "f1_OTHER_values": [
    0.7725118483412322,
    0.7906976744186046,
    0.807168458781362,
    0.7912584777694047,
    0.7668231611893583
  ],
  "precision_OTHER_mean": 0.7791422932803378,
  "precision_OTHER_std": 0.013048688477063423,
  "precision_OTHER_values": [
    0.7990196078431373,
    0.775,
    0.7587601078167115,
    0.7789317507418397,
    0.784
  ],
  "recall_OTHER_mean": 0.7942579765935625,
  "recall_OTHER_std": 0.04233859035694323,
  "recall_OTHER_values": [
    0.7477064220183486,
    0.8070444104134763,
    0.8621745788667687,
    0.8039816232771823,
    0.7503828483920367
  ],
  "f1_OFFENSE_mean": 0.5590096522911963,
  "f1_OFFENSE_std": 0.019510874993138656,
  "f1_OFFENSE_values": [
    0.5862068965517241,
    0.5564387917329093,
    0.5255731922398589,
    0.5637795275590551,
    0.5630498533724341
  ],
  "precision_OFFENSE_mean": 0.5763157598617881,
  "precision_OFFENSE_std": 0.028636258003859813,
  "precision_OFFENSE_values": [
    0.5528455284552846,
    0.5813953488372093,
    0.6234309623430963,
    0.5830618892508144,
    0.5408450704225352
  ],
  "recall_OFFENSE_mean": 0.548909151935556,
  "recall_OFFENSE_std": 0.057066162947069274,
  "recall_OFFENSE_values": [
    0.6238532110091743,
    0.5335365853658537,
    0.45426829268292684,
    0.5457317073170732,
    0.5871559633027523
  ],
  "total_train_time_sec": 1168.7890400886536,
  "fold_results": [
    {
      "model": "HateBERT_fold0",
      "accuracy": 0.7064220183486238,
      "f1_macro": 0.6793593724464781,
      "f1_micro": 0.7064220183486238,
      "precision_macro": 0.675932568149211,
      "recall_macro": 0.6857798165137614,
      "confusion_matrix": [
        [
          489,
          165
        ],
        [
          123,
          204
        ]
      ],
      "f1_OTHER": 0.7725118483412322,
      "precision_OTHER": 0.7990196078431373,
      "recall_OTHER": 0.7477064220183486,
      "support_OTHER": 654,
      "f1_OFFENSE": 0.5862068965517241,
      "precision_OFFENSE": 0.5528455284552846,
      "recall_OFFENSE": 0.6238532110091743,
      "support_OFFENSE": 327,
      "train_time_sec": 235.09145712852478,
      "fold": 0
    },
    {
      "model": "HateBERT_fold1",
      "accuracy": 0.7155963302752294,
      "f1_macro": 0.673568233075757,
      "f1_micro": 0.7155963302752294,
      "precision_macro": 0.6781976744186047,
      "recall_macro": 0.670290497889665,
      "confusion_matrix": [
        [
          527,
          126
        ],
        [
          153,
          175
        ]
      ],
      "f1_OTHER": 0.7906976744186046,
      "precision_OTHER": 0.775,
      "recall_OTHER": 0.8070444104134763,
      "support_OTHER": 653,
      "f1_OFFENSE": 0.5564387917329093,
      "precision_OFFENSE": 0.5813953488372093,
      "recall_OFFENSE": 0.5335365853658537,
      "support_OFFENSE": 328,
      "train_time_sec": 233.8006567955017,
      "fold": 1
    },
    {
      "model": "HateBERT_fold2",
      "accuracy": 0.72579001019368,
      "f1_macro": 0.6663708255106104,
      "f1_micro": 0.72579001019368,
      "precision_macro": 0.691095535079904,
      "recall_macro": 0.6582214357748478,
      "confusion_matrix": [
        [
          563,
          90
        ],
        [
          179,
          149
        ]
      ],
      "f1_OTHER": 0.807168458781362,
      "precision_OTHER": 0.7587601078167115,
      "recall_OTHER": 0.8621745788667687,
      "support_OTHER": 653,
      "f1_OFFENSE": 0.5255731922398589,
      "precision_OFFENSE": 0.6234309623430963,
      "recall_OFFENSE": 0.45426829268292684,
      "support_OFFENSE": 328,
      "train_time_sec": 234.02318668365479,
      "fold": 2
    },
    {
      "model": "HateBERT_fold3",
      "accuracy": 0.7176350662589195,
      "f1_macro": 0.6775190026642299,
      "f1_micro": 0.7176350662589195,
      "precision_macro": 0.680996819996327,
      "recall_macro": 0.6748566652971277,
      "confusion_matrix": [
        [
          525,
          128
        ],
        [
          149,
          179
        ]
      ],
      "f1_OTHER": 0.7912584777694047,
      "precision_OTHER": 0.7789317507418397,
      "recall_OTHER": 0.8039816232771823,
      "support_OTHER": 653,
      "f1_OFFENSE": 0.5637795275590551,
      "precision_OFFENSE": 0.5830618892508144,
      "recall_OFFENSE": 0.5457317073170732,
      "support_OFFENSE": 328,
      "train_time_sec": 233.23399233818054,
      "fold": 3
    },
    {
      "model": "HateBERT_fold4",
      "accuracy": 0.6959183673469388,
      "f1_macro": 0.6649365072808961,
      "f1_micro": 0.6959183673469388,
      "precision_macro": 0.6624225352112676,
      "recall_macro": 0.6687694058473945,
      "confusion_matrix": [
        [
          490,
          163
        ],
        [
          135,
          192
        ]
      ],
      "f1_OTHER": 0.7668231611893583,
      "precision_OTHER": 0.784,
      "recall_OTHER": 0.7503828483920367,
      "support_OTHER": 653,
      "f1_OFFENSE": 0.5630498533724341,
      "precision_OFFENSE": 0.5408450704225352,
      "recall_OFFENSE": 0.5871559633027523,
      "support_OFFENSE": 327,
      "train_time_sec": 232.63974714279175,
      "fold": 4
    }
  ]
}