{
  "model": "mBERT",
  "accuracy_mean": 0.7964902535937922,
  "accuracy_std": 0.011534477256986857,
  "accuracy_values": [
    0.8154943934760448,
    0.7971457696228338,
    0.7920489296636085,
    0.7930682976554536,
    0.7846938775510204
  ],
  "f1_macro_mean": 0.7684367719380707,
  "f1_macro_std": 0.01730797657033205,
  "f1_macro_values": [
    0.7947312018145308,
    0.7716141168983255,
    0.7615186615186615,
    0.7670234458812064,
    0.7472964335776289
  ],
  "f1_micro_mean": 0.7964902535937922,
  "f1_micro_std": 0.011534477256986857,
  "f1_micro_values": [
    0.8154943934760448,
    0.7971457696228338,
    0.7920489296636085,
    0.7930682976554536,
    0.7846938775510204
  ],
  "precision_macro_mean": 0.7723350139144929,
  "precision_macro_std": 0.011459836356559535,
  "precision_macro_values": [
    0.7917799192817725,
    0.7722490619136961,
    0.7679656487432824,
    0.7676477485928705,
    0.7620326910408433
  ],
  "recall_macro_mean": 0.7661136239314541,
  "recall_macro_std": 0.02184414586021474,
  "recall_macro_values": [
    0.7981651376146789,
    0.77099830052665,
    0.7565481081686773,
    0.7664181264706982,
    0.7384384468765659
  ],
  "f1_OTHER_mean": 0.8488535206241463,
  "f1_OTHER_std": 0.0063978027329336905,
  "f1_OTHER_values": [
    0.860015467904099,
    0.8479755538579068,
    0.8468468468468469,
    0.8449197860962567,
    0.8445099484156227
  ],
  "precision_OTHER_mean": 0.8407375350393547,
  "precision_OTHER_std": 0.020719015280222075,
  "precision_OTHER_values": [
    0.8701095461658842,
    0.8460365853658537,
    0.8306332842415317,
    0.8429878048780488,
    0.8139204545454546
  ],
  "recall_OTHER_mean": 0.8576262931377645,
  "recall_OTHER_std": 0.012870073634844888,
  "recall_OTHER_values": [
    0.8501529051987767,
    0.8499234303215927,
    0.8637059724349158,
    0.8468606431852986,
    0.877488514548239
  ],
  "f1_OFFENSE_mean": 0.6880200232519951,
  "f1_OFFENSE_std": 0.028934789241177504,
  "f1_OFFENSE_values": [
    0.7294469357249627,
    0.6952526799387443,
    0.6761904761904762,
    0.6891271056661562,
    0.6500829187396352
  ],
  "precision_OFFENSE_mean": 0.7039324927896312,
  "precision_OFFENSE_std": 0.00860399367268574,
  "precision_OFFENSE_values": [
    0.7134502923976608,
    0.6984615384615385,
    0.7052980132450332,
    0.6923076923076923,
    0.7101449275362319
  ],
  "recall_OFFENSE_mean": 0.6746009547251436,
  "recall_OFFENSE_std": 0.05442966974409528,
  "recall_OFFENSE_values": [
    0.746177370030581,
    0.6920731707317073,
    0.649390243902439,
    0.6859756097560976,
    0.599388379204893
  ],
  "total_train_time_sec": 1508.4635059833527,
  "fold_results": [
    {
      "model": "mBERT_fold0",
      "accuracy": 0.8154943934760448,
      "f1_macro": 0.7947312018145308,
      "f1_micro": 0.8154943934760448,
      "precision_macro": 0.7917799192817725,
      "recall_macro": 0.7981651376146789,
      "confusion_matrix": [
        [
          556,
          98
        ],
        [
          83,
          244
        ]
      ],
      "f1_OTHER": 0.860015467904099,
      "precision_OTHER": 0.8701095461658842,
      "recall_OTHER": 0.8501529051987767,
      "support_OTHER": 654,
      "f1_OFFENSE": 0.7294469357249627,
      "precision_OFFENSE": 0.7134502923976608,
      "recall_OFFENSE": 0.746177370030581,
      "support_OFFENSE": 327,
      "train_time_sec": 306.7158513069153,
      "fold": 0
    },
    {
      "model": "mBERT_fold1",
      "accuracy": 0.7971457696228338,
      "f1_macro": 0.7716141168983255,
      "f1_micro": 0.7971457696228338,
      "precision_macro": 0.7722490619136961,
      "recall_macro": 0.77099830052665,
      "confusion_matrix": [
        [
          555,
          98
        ],
        [
          101,
          227
        ]
      ],
      "f1_OTHER": 0.8479755538579068,
      "precision_OTHER": 0.8460365853658537,
      "recall_OTHER": 0.8499234303215927,
      "support_OTHER": 653,
      "f1_OFFENSE": 0.6952526799387443,
      "precision_OFFENSE": 0.6984615384615385,
      "recall_OFFENSE": 0.6920731707317073,
      "support_OFFENSE": 328,
      "train_time_sec": 300.28905725479126,
      "fold": 1
    },
    {
      "model": "mBERT_fold2",
      "accuracy": 0.7920489296636085,
      "f1_macro": 0.7615186615186615,
      "f1_micro": 0.7920489296636085,
      "precision_macro": 0.7679656487432824,
      "recall_macro": 0.7565481081686773,
      "confusion_matrix": [
        [
          564,
          89
        ],
        [
          115,
          213
        ]
      ],
      "f1_OTHER": 0.8468468468468469,
      "precision_OTHER": 0.8306332842415317,
      "recall_OTHER": 0.8637059724349158,
      "support_OTHER": 653,
      "f1_OFFENSE": 0.6761904761904762,
      "precision_OFFENSE": 0.7052980132450332,
      "recall_OFFENSE": 0.649390243902439,
      "support_OFFENSE": 328,
      "train_time_sec": 301.0661973953247,
      "fold": 2
    },
    {
      "model": "mBERT_fold3",
      "accuracy": 0.7930682976554536,
      "f1_macro": 0.7670234458812064,
      "f1_micro": 0.7930682976554536,
      "precision_macro": 0.7676477485928705,
      "recall_macro": 0.7664181264706982,
      "confusion_matrix": [
        [
          553,
          100
        ],
        [
          103,
          225
        ]
      ],
      "f1_OTHER": 0.8449197860962567,
      "precision_OTHER": 0.8429878048780488,
      "recall_OTHER": 0.8468606431852986,
      "support_OTHER": 653,
      "f1_OFFENSE": 0.6891271056661562,
      "precision_OFFENSE": 0.6923076923076923,
      "recall_OFFENSE": 0.6859756097560976,
      "support_OFFENSE": 328,
      "train_time_sec": 301.8487091064453,
      "fold": 3
    },
    {
      "model": "mBERT_fold4",
      "accuracy": 0.7846938775510204,
      "f1_macro": 0.7472964335776289,
      "f1_micro": 0.7846938775510204,
      "precision_macro": 0.7620326910408433,
      "recall_macro": 0.7384384468765659,
      "confusion_matrix": [
        [
          573,
          80
        ],
        [
          131,
          196
        ]
      ],
      "f1_OTHER": 0.8445099484156227,
      "precision_OTHER": 0.8139204545454546,
      "recall_OTHER": 0.877488514548239,
      "support_OTHER": 653,
      "f1_OFFENSE": 0.6500829187396352,
      "precision_OFFENSE": 0.7101449275362319,
      "recall_OFFENSE": 0.599388379204893,
      "support_OFFENSE": 327,
      "train_time_sec": 298.5436909198761,
      "fold": 4
    }
  ]
}